slug,impressions_90d,position,clicks_90d,target_queries,new_title,new_description
/zh/blog/bed-facing-door-feng-shui/,1598,9.0,31,床對門|床頭對門|床尾對門|床尾對門化解|床对着门化解|床头对门化解,床對門怎麼辦？床頭對門與床尾對門的 6 種化解＋尺寸,床頭對門和床尾對門要分開判斷。用實際門寬、視線與實牆位置決定化解方式，附每種做法需要的最小公分數，可直接用免費平面圖工具驗證。
/zh/blog/bed-head-against-wall/,1570,9.6,32,床頭不靠牆|床頭一定要靠牆嗎|床頭靠牆|床頭不靠牆化解,床頭一定要靠牆嗎？不靠牆的 4 種做法與最小留寬,床頭無法靠實牆時，床頭板、矮櫃、隔屏各需要多少深度。先量牆面與走道，再決定用哪一種，附可列印的尺寸對照。
/zh/blog/desk-facing-door-layout/,1413,7.9,30,書桌背對門|書桌對門|開門見書桌|開門見書桌化解,書桌背對門怎麼辦？開門見書桌的 5 種調整與走道尺寸,書桌對門與背對門的處理方式不同。用門片開啟方向、椅子後退空間與插座位置決定座向，每種做法都標出需要的公分數。
/zh/desk-placement-feng-shui/,501,10.7,8,書桌擺放|書桌方位|書桌風水,書桌擺放位置怎麼選？採光、插座、椅後空間一次檢查,先確認自然光方向、插座位置與椅子後退的 80 公分，再談座向。附小房間、雙人房與租屋的三種可行配置。
/zh/blog/tiny-room-layout-under-5-ping/,416,13.3,2,5坪|五坪|5坪房間多大,5 坪房間多大？扣掉樑柱門片後的 3 種實際配置,5 坪約 16.5 平方公尺，但可用淨尺寸通常少 1 坪以上。先算淨寬深，再分配床、桌與收納，附三張可直接套用的配置圖。
/zh/blog/wardrobe-facing-bed-feng-shui/,379,8.5,5,衣櫃對床風水|衣櫃對床尾|房門打開看到衣櫃|開門對衣櫃角,衣櫃對床怎麼處理？開門見衣櫃與櫃角對床的化解尺寸,衣櫃對床尾、開門見衣櫃、櫃角對床是三件不同的事。分開判斷並確認櫃門開啟需要的 60～90 公分。
/zh/blog/mirror-facing-bed-bedroom/,362,8.8,10,鏡子對床側邊|鏡子對床|鏡子對床化解,鏡子對床側邊算嗎？3 種位置判斷與可復原化解法,正對、側邊、櫃門內三種情況的判斷標準不同。租屋不能動格局時的可復原做法，附鏡面到床的建議距離。
/zh/blog/bedroom-air-conditioner-ceiling-direction-feng-shui/,340,9.0,1,冷氣在床頭上方|冷氣在頭上風水|冷氣在床側邊,冷氣裝在床頭上方怎麼辦？出風角度與床位移動距離,冷氣直吹床頭的實際問題是溫差與噪音。先量出風口到床頭的水平距離，再決定移床、加導風板或改變出風角度。
/zh/blog/beam-over-desk-bed-layout/,269,9.6,5,坐在樑下怎麼辦|橫樑壓床|橫樑壓桌,橫樑壓床壓桌怎麼辦？先量樑的投影線再決定移動方向,把樑的兩條投影線畫進平面圖，就知道床或桌要移幾公分才會完全避開。含租屋不能移床的替代做法。
/zh/blog/tv-facing-bed-feng-shui/,278,7.1,4,電視對床化解|電視對床,電視對床要化解嗎？視距、高度與關機反光的實測判斷,電視對床的實際困擾是反光與視距。用螢幕尺寸算出建議視距，再決定移位、換角度或加櫃門。
/zh/blog/bed-under-window-solutions/,223,13.3,2,床頭靠窗|床頭靠窗怎麼辦|床靠窗,床頭靠窗怎麼辦？窗台深度決定的 4 種處理順序,床頭靠窗要先量窗台深度與窗戶開啟方式。依可移動程度排序四種做法，租屋可用的不動工方案放在最前面。
/zh/blog/living-room-wall-clock-feng-shui/,181,8.5,2,客廳掛鐘位置圖|客廳掛鐘位置圖2026,客廳掛鐘位置怎麼掛？沙發、電視牆與玄關的高度對照,掛鐘高度以視線水平為準，不同牆面建議不同。附客廳三面牆的位置圖與常見錯誤。
/zh/feng-shui-bedroom-checker/,172,15.5,7,臥室風水鑑定|風水鑑定|臥室風水檢查,臥室風水檢查表：輸入房間尺寸，逐項核對 12 個常見問題,免費線上臥室檢查工具。輸入房間長寬與門窗位置，逐項核對床位、鏡子、樑下與走道寬度，結果可匯出 PNG 或 PDF。
/zh/blog/kitchen-fridge-feng-shui/,311,9.4,3,家裡兩台冰箱風水|冰箱位置,冰箱位置怎麼擺？兩台冰箱與爐火距離的實際判斷,冰箱與爐火的距離先看散熱與動線。含兩台冰箱、冰箱對門與冰箱貼牆的散熱最小間距。
/zh/blog/entryway-doormat-feng-shui/,211,7.4,6,玄關地墊風水|玄關地墊,玄關地墊怎麼選？尺寸、材質與門片開啟的實際限制,地墊厚度會卡門片。先量門下淨高與門片迴轉範圍，再選尺寸與材質，附常見門寬對應的地墊尺寸。
/zh/blog/entryway-shoe-cabinet-feng-shui/,155,8.5,0,玄關鞋櫃|鞋櫃對門|鞋櫃尺寸,玄關鞋櫃怎麼配置？門片開啟、走道寬與鞋量的三項檢查,鞋櫃深度通常要 35～40 公分，加上門片與蹲下空間才是實際佔用。先算走道剩幾公分再決定深度。
/zh/blog/bedroom-wardrobe-door-opening-clearance-feng-shui/,344,8.7,4,衣櫃門開啟空間|衣櫃走道寬度,衣櫃門要留多寬？開門式與推拉門的最小操作尺寸,開門式衣櫃需要門片深度加站立空間，推拉門省空間但同時只能開一半。附兩種門型的最小留寬。
/zh/blog/entryway-door-hinge-squeak-cleaning-feng-shui/,243,7.1,2,門軸異音|大門異音|門鉸鏈,大門開關有異音怎麼處理？鉸鏈、門檻與地墊的逐項排查,異音來源通常是鉸鏈、門檻高低差或地墊卡門。依序排查，每一步都標明要量哪個尺寸。
/zh/blog/desk-placement-wall-support-feng-shui/,294,6.1,12,書桌靠牆|書桌背後空間,書桌背後要留多少？椅子後退與通行的兩段尺寸,書桌後方要分「椅子後退」與「有人通過」兩段算。附單人使用與雙人共用書房的建議留寬。
/zh/blog/bedroom-bed-left-wall-access-feng-shui/,154,6.4,9,床左邊靠牆風水|床左邊靠牆怎麼辦,床一邊靠牆可以嗎？單側上下床的走道與鋪床空間,床單側靠牆會影響鋪床與清潔。用床寬與房間淨寬算出另一側該留多少，附雙人床的最低建議值。
/zh/blog/balcony-air-conditioner-outdoor-unit-feng-shui/,164,8.9,9,冷氣室外機擺放位置風水|室外機位置,冷氣室外機位置怎麼選？散熱間距與陽台動線的實際限制,室外機前後需要散熱距離，擺錯會降低效率並擋住陽台動線。附常見機型的建議留空。
/zh/blog/bedroom-ceiling-light-feng-shui/,127,7.8,4,床頭燈風水|臥室燈具位置,臥室燈具位置怎麼配？主燈、床頭燈與開關的三段規劃,主燈避開床正上方、床頭燈看閱讀角度、雙切開關位置決定起床動線。附小房間的簡化做法。
/zh/small-bedroom-layout/,187,9.3,10,小房間 收納|小房間配置,小房間怎麼配置？先固定床，再排桌與收納的三步驟,小房間的順序是床、走道、收納。先量淨尺寸再放最大件家具，工具會標出走道低於 60 公分的位置。
/zh/blog/small-room-storage-zones/,123,28.8,0,小房間收納|小房間收納分區,小房間收納怎麼分區？先盤點 30 件常用物品再買收納盒,不要先買收納盒。先列出每天會拿的 30 件物品，分成五個存放區，再依剩餘空間決定盒子尺寸。
/zh/blog/living-room-air-conditioner-feng-shui/,156,8.4,3,客廳冷氣位置風水|客廳冷氣位置,客廳冷氣位置怎麼選？沙發、出風角度與坪數的對照,冷氣避免直吹沙發主要座位。依客廳坪數與格局給出三種安裝位置與對應的出風角度。
/zh/blog/bed-head-against-wall-bedside-cabinet-height-feng-shui/,127,9.9,1,床頭櫃高度|床頭櫃尺寸,床頭櫃高度怎麼選？與床墊面齊平的實際量法,床頭櫃高度以床墊上緣為基準，不是床架。附常見床墊厚度對應的櫃高與寬度建議。
/zh/blog/square-bedroom-layout/,173,7.0,9,方形房間配置|正方形臥室,方形臥室怎麼配置？四種門窗位置對應的床位選擇,方形房間的變數在門窗位置。依門在角落或中間分成四種情形，各給一組可行配置與走道寬度。
/zh/blog/dining-table-facing-door-feng-shui/,176,6.9,5,餐桌對門|餐桌位置,餐桌對門怎麼調整？拉椅空間與通行走道的兩個尺寸,餐桌位置先確認拉椅需要的 75 公分與旁邊通行的 60 公分。附小坪數餐廚合一的處理方式。
/zh/blog/entryway-umbrella-stand-feng-shui/,230,5.7,9,玄關傘架|雨傘收納,玄關傘架怎麼放？門片迴轉範圍與排水的實際位置,傘架常卡在門片迴轉範圍內。先量門開啟的弧線，再決定擺放位置與是否需要底盤排水。
/zh/blog/entryway-helmet-storage-feng-shui/,108,6.2,3,玄關安全帽收納|安全帽收納,安全帽收納怎麼做？玄關層板深度與通風的實際尺寸,安全帽需要約 30 公分深度與通風。附層板、吊掛與櫃內三種做法的尺寸與適用玄關寬度。
